{"episode": 2000, "ep_reward": 663, "_timestamp": 1699637838.891873, "_runtime": 1605.4372417926788, "_step": 1999, "_wandb": {"runtime": 1603}}