{"episode": 2000, "ep_reward": 0, "_timestamp": 1700491733.1079714, "_runtime": 1258.560376405716, "_step": 1999, "_wandb": {"runtime": 1256}}