{"episode": 2000, "ep_reward": 220, "_timestamp": 1700250738.7380528, "_runtime": 1495.2460868358612, "_step": 1999, "_wandb": {"runtime": 1493}}