{"episode": 2000, "ep_reward": 260, "_timestamp": 1700467007.753682, "_runtime": 1714.4834787845612, "_step": 1999, "_wandb": {"runtime": 1713}}