{"episode": 2000, "ep_reward": 260, "_timestamp": 1699622839.7364795, "_runtime": 1532.1711685657501, "_step": 1999, "_wandb": {"runtime": 1530}}