{"episode": 2000, "ep_reward": 260, "_timestamp": 1700755006.1383986, "_runtime": 1313.219905614853, "_step": 1999, "_wandb": {"runtime": 1311}}