{"episode": 2000, "ep_reward": 300, "_timestamp": 1699619947.5792046, "_runtime": 1402.1305794715881, "_step": 1999, "_wandb": {"runtime": 1400}}