{"episode": 2000, "ep_reward": 240, "_timestamp": 1700468775.1342576, "_runtime": 1731.607411623001, "_step": 1999, "_wandb": {"runtime": 1730}}