{"episode": 200, "ep_reward": 300, "_timestamp": 1699878458.819104, "_runtime": 121.49866390228271, "_step": 199, "_wandb": {"runtime": 119}}