{"episode": 11, "ep_reward": 20.86, "_timestamp": 1700239003.335909, "_runtime": 17.715375900268555, "_step": 10}