{"episode": 50, "ep_reward": 507, "_timestamp": 1699879597.5516124, "_runtime": 39.798436403274536, "_step": 49, "_wandb": {"runtime": 38}}