{"episode": 2000, "ep_reward": 624, "_timestamp": 1700375391.3899474, "_runtime": 1609.148931503296, "_step": 1999, "_wandb": {"runtime": 1605}}