{"episode": 2000, "ep_reward": 220, "_timestamp": 1700379789.0207636, "_runtime": 1290.142743587494, "_step": 1999, "_wandb": {"runtime": 1288}}