{"episode": 3000, "ep_reward": 320, "_timestamp": 1699620156.8861678, "_runtime": 2734.118573665619, "_step": 2999, "_wandb": {"runtime": 2732}}