{"episode": 2000, "ep_reward": 320, "_timestamp": 1699617948.2651212, "_runtime": 1443.4676232337952, "_step": 1999, "_wandb": {"runtime": 1441}}