{"episode": 200, "ep_reward": 320, "_timestamp": 1699878641.9080915, "_runtime": 124.67280054092407, "_step": 199, "_wandb": {"runtime": 123}}