{"episode": 2000, "ep_reward": 200, "_timestamp": 1700381161.2697275, "_runtime": 1318.9873304367065, "_step": 1999, "_wandb": {"runtime": 1317}}