{"episode": 3000, "ep_reward": 240, "_timestamp": 1700253858.3064172, "_runtime": 2609.3589923381805, "_step": 2999, "_wandb": {"runtime": 2607}}