{"episode": 200, "ep_reward": 60, "_timestamp": 1699877398.71632, "_runtime": 100.71870493888855, "_step": 199, "_wandb": {"runtime": 98}}