{"episode": 2000, "ep_reward": 160, "_timestamp": 1703325349.3266048, "_runtime": 1493.6424708366394, "_step": 1196038, "value_loss": 0.1735434850056966, "policy_loss": -0.01872800812125206, "dist_entropy": 1.3747216622034708, "_wandb": {"runtime": 1492}}