{"episode": 2000, "ep_reward": 240, "_timestamp": 1700473027.925638, "_runtime": 1383.5512778759003, "_step": 1999, "_wandb": {"runtime": 1382}}