{"episode": 26, "ep_reward": 120, "_timestamp": 1700043539.3116848, "_runtime": 610.5436198711395, "_step": 25}