{"episode": 2000, "ep_reward": 1638, "_timestamp": 1699801921.113886, "_runtime": 2522.1522212028503, "_step": 1999, "_wandb": {"runtime": 2519}}