{"episode": 200, "ep_reward": 140, "_timestamp": 1699861763.1148927, "_runtime": 2628.4188628196716, "_step": 199, "_wandb": {"runtime": 2626}}