{"episode": 2000, "ep_reward": 180, "_timestamp": 1700748880.5659153, "_runtime": 1153.101003408432, "_step": 1999, "_wandb": {"runtime": 1151}}