{"episode": 2000, "ep_reward": 1638, "_timestamp": 1699814239.2232864, "_runtime": 1837.1072783470154, "_step": 1999, "_wandb": {"runtime": 1835}}