{"episode": 50, "ep_reward": 300, "_timestamp": 1699878133.665077, "_runtime": 30.92309808731079, "_step": 49, "_wandb": {"runtime": 28}}