{"episode": 50, "ep_reward": 300, "_timestamp": 1699878504.6047583, "_runtime": 31.058616161346436, "_step": 49, "_wandb": {"runtime": 29}}