{"episode": 2000, "ep_reward": 260, "_timestamp": 1700486333.652931, "_runtime": 1496.3240928649902, "_step": 1999, "_wandb": {"runtime": 1495}}