{"episode": 3000, "ep_reward": 340, "_timestamp": 1699522921.7279558, "_runtime": 2210.626050710678, "_step": 2999, "_wandb": {"runtime": 2207}}