{"episode": 2000, "ep_reward": 100, "_timestamp": 1700494360.7778347, "_runtime": 1260.5344965457916, "_step": 1999, "_wandb": {"runtime": 1259}}