{"episode": 200, "ep_reward": 720, "_timestamp": 1699878869.3355136, "_runtime": 161.66765570640564, "_step": 199, "_wandb": {"runtime": 160}}