{"episode": 200, "ep_reward": 160, "_timestamp": 1699874687.417714, "_runtime": 3184.069776058197, "_step": 199, "_wandb": {"runtime": 3182}}