{"episode": 2000, "ep_reward": 312, "_timestamp": 1700370460.0392597, "_runtime": 1607.330112695694, "_step": 1999, "_wandb": {"runtime": 1604}}