{"episode": 3000, "ep_reward": 360, "_timestamp": 1699589475.9841814, "_runtime": 2232.2804794311523, "_step": 2999, "_wandb": {"runtime": 2230}}