{"episode": 2000, "ep_reward": 624, "_timestamp": 1700372118.0765738, "_runtime": 1605.1029257774353, "_step": 1999, "_wandb": {"runtime": 1603}}