{"episode": 2000, "ep_reward": 320, "_timestamp": 1700367427.3711765, "_runtime": 1352.093370437622, "_step": 1999, "_wandb": {"runtime": 1351}}