{"episode": 2000, "ep_reward": 180, "_timestamp": 1700480211.4494345, "_runtime": 1374.8734874725342, "_step": 1999, "_wandb": {"runtime": 1373}}