{"episode": 2000, "ep_reward": 220, "_timestamp": 1700487868.9049017, "_runtime": 1502.7591717243195, "_step": 1999, "_wandb": {"runtime": 1501}}