{"episode": 200, "ep_reward": 220, "_timestamp": 1699862018.8560784, "_runtime": 212.40624833106995, "_step": 199, "_wandb": {"runtime": 208}}