{"episode": 2000, "ep_reward": 0, "_timestamp": 1703405942.9639714, "_runtime": 1676.579249382019, "_step": 1196038, "value_loss": 1.758242318222377e-05, "policy_loss": -0.0031872741257150967, "dist_entropy": 0.7637423038482666, "_wandb": {"runtime": 1675}}