{"episode": 2000, "ep_reward": 585, "_timestamp": 1700373749.3916516, "_runtime": 1598.9016916751862, "_step": 1999, "_wandb": {"runtime": 1597}}