{"episode": 2000, "ep_reward": 260, "_timestamp": 1700743791.9084308, "_runtime": 1248.6696918010712, "_step": 1999, "_wandb": {"runtime": 1247}}