{"episode": 2000, "ep_reward": 0, "_timestamp": 1700061826.739703, "_runtime": 3022.6005108356476, "_step": 1999, "_wandb": {"runtime": 3020}}