{"episode": 2000, "ep_reward": 200, "_timestamp": 1700483281.622029, "_runtime": 1501.0391550064087, "_step": 1999, "_wandb": {"runtime": 1499}}