{"episode": 50, "ep_reward": 280, "_timestamp": 1699877127.2717903, "_runtime": 25.53823733329773, "_step": 49, "_wandb": {"runtime": 23}}