{"episode": 2000, "ep_reward": 220, "_timestamp": 1700252264.5496407, "_runtime": 1492.0692536830902, "_step": 1999, "_wandb": {"runtime": 1490}}