{"episode": 3000, "ep_reward": 280, "_timestamp": 1700248566.1328666, "_runtime": 2616.184121608734, "_step": 2999, "_wandb": {"runtime": 2614}}