{"episode": 3000, "ep_reward": 320, "_timestamp": 1699608046.5852273, "_runtime": 2241.590964317322, "_step": 2999, "_wandb": {"runtime": 2239}}