{"episode": 2000, "ep_reward": 0, "_timestamp": 1703403104.4474158, "_runtime": 1514.8144178390503, "_step": 1196038, "value_loss": 1.1245989720026652, "policy_loss": -0.019396886788308622, "dist_entropy": 1.4213446855545044, "_wandb": {"runtime": 1513}}