{"episode": 2000, "ep_reward": 180, "_timestamp": 1700477363.3179684, "_runtime": 1396.6401884555817, "_step": 1999, "_wandb": {"runtime": 1395}}