{"episode": 36661, "ep_reward": 320, "_timestamp": 1699803504.4844453, "_runtime": 22492.917179346085, "_step": 36660}