{"episode": 100, "ep_reward": 160, "_timestamp": 1699781925.7054312, "_runtime": 509.48720932006836, "_step": 99, "_wandb": {"runtime": 507}}