{"episode": 2000, "ep_reward": 300, "_timestamp": 1700737425.7580662, "_runtime": 1227.529550075531, "_step": 1999, "_wandb": {"runtime": 1226}}