{"episode": 2000, "ep_reward": 260, "_timestamp": 1700746379.9786987, "_runtime": 1260.3528497219086, "_step": 1999, "_wandb": {"runtime": 1258}}