{"episode": 50000, "ep_reward": 200, "_timestamp": 1700080107.060949, "_runtime": 36870.8734190464, "_step": 49999, "_wandb": {"runtime": 36868}}