{"episode": 2000, "ep_reward": 0, "_timestamp": 1700493067.735076, "_runtime": 1301.7403500080109, "_step": 1999, "_wandb": {"runtime": 1300}}