{"episode": 50, "ep_reward": 507, "_timestamp": 1699878921.759211, "_runtime": 38.07446312904358, "_step": 49, "_wandb": {"runtime": 36}}