{"episode": 2000, "ep_reward": 160, "_timestamp": 1702908834.1522572, "_runtime": 1698.95188331604, "_step": 1999, "_wandb": {"runtime": 1697}}