{"episode": 2000, "ep_reward": 100, "_timestamp": 1700490438.7436519, "_runtime": 1261.0549547672272, "_step": 1999, "_wandb": {"runtime": 1259}}