{"episode": 151, "ep_reward": 8.73, "_timestamp": 1699711415.0556076, "_runtime": 88.42134547233582, "_step": 150}