{"episode": 2000, "ep_reward": 240, "_timestamp": 1699634809.5993485, "_runtime": 1197.3320486545563, "_step": 1999, "_wandb": {"runtime": 1195}}