{"episode": 200, "ep_reward": 60, "_timestamp": 1699877705.8683186, "_runtime": 100.27758955955505, "_step": 199, "_wandb": {"runtime": 98}}