{"episode": 3000, "ep_reward": 320, "_timestamp": 1699550359.1427915, "_runtime": 2207.8283574581146, "_step": 2999, "_wandb": {"runtime": 2206}}