{"episode": 2000, "ep_reward": 220, "_timestamp": 1700466963.7407382, "_runtime": 1618.2675731182098, "_step": 1999, "_wandb": {"runtime": 1617}}