{"episode": 2000, "ep_reward": 180, "_timestamp": 1699848827.1914513, "_runtime": 1287.8273782730103, "_step": 1999, "_wandb": {"runtime": 1285}}