{"episode": 2000, "ep_reward": 140, "_timestamp": 1700753656.2107372, "_runtime": 1116.4021883010864, "_step": 1999, "_wandb": {"runtime": 1114}}