{"episode": 2000, "ep_reward": 624, "_timestamp": 1700377016.991335, "_runtime": 1595.3405158519745, "_step": 1999, "_wandb": {"runtime": 1593}}