{"episode": 2000, "ep_reward": 560, "_timestamp": 1699847505.7479324, "_runtime": 1597.7192895412445, "_step": 1999, "_wandb": {"runtime": 1596}}