{"episode": 3000, "ep_reward": 320, "_timestamp": 1699517841.7295537, "_runtime": 2229.0188167095184, "_step": 2999, "_wandb": {"runtime": 2226}}