{"episode": 50, "ep_reward": 280, "_timestamp": 1699877592.451518, "_runtime": 28.583815097808838, "_step": 49, "_wandb": {"runtime": 26}}