{"episode": 200, "ep_reward": 681, "_timestamp": 1699879542.8136678, "_runtime": 159.53079271316528, "_step": 199, "_wandb": {"runtime": 157}}