{"episode": 2000, "ep_reward": 200, "_timestamp": 1700752505.2178457, "_runtime": 1187.4952425956726, "_step": 1999, "_wandb": {"runtime": 1186}}