{"episode": 2000, "ep_reward": 220, "_timestamp": 1700378337.7880304, "_runtime": 1288.4734013080597, "_step": 1999, "_wandb": {"runtime": 1286}}