{"episode": 3000, "ep_reward": 220, "_timestamp": 1700251217.320199, "_runtime": 2617.922264099121, "_step": 2999, "_wandb": {"runtime": 2616}}