{"episode": 2000, "ep_reward": 340, "_timestamp": 1699845874.5913444, "_runtime": 1522.6780543327332, "_step": 1999, "_wandb": {"runtime": 1521}}