{"episode": 3000, "ep_reward": 300, "_timestamp": 1699617387.6137254, "_runtime": 2479.3175914287567, "_step": 2999, "_wandb": {"runtime": 2477}}