{"episode": 200, "ep_reward": 280, "_timestamp": 1699859115.8163006, "_runtime": 209.74776458740234, "_step": 199, "_wandb": {"runtime": 207}}