{"episode": 50, "ep_reward": 280, "_timestamp": 1699877283.5455163, "_runtime": 26.402034282684326, "_step": 49, "_wandb": {"runtime": 24}}