{"episode": 2000, "ep_reward": 320, "_timestamp": 1699636199.4142797, "_runtime": 1356.741153717041, "_step": 1999, "_wandb": {"runtime": 1355}}