{"episode": 2000, "ep_reward": 280, "_timestamp": 1700742506.017086, "_runtime": 1240.4489181041718, "_step": 1999, "_wandb": {"runtime": 1238}}