{"episode": 2000, "ep_reward": 260, "_timestamp": 1700745083.518513, "_runtime": 1256.0125958919525, "_step": 1999, "_wandb": {"runtime": 1251}}