{"episode": 200, "ep_reward": 100, "_timestamp": 1699877241.6215477, "_runtime": 100.41606163978577, "_step": 199, "_wandb": {"runtime": 98}}