{"episode": 2000, "ep_reward": 280, "_timestamp": 1700738698.9593036, "_runtime": 1240.843930721283, "_step": 1999, "_wandb": {"runtime": 1239}}