{"episode": 50000, "ep_reward": 200, "_timestamp": 1699918123.0024137, "_runtime": 31244.806721687317, "_step": 49999, "_wandb": {"runtime": 31242}}