{"episode": 2000, "ep_reward": 975, "_timestamp": 1699816056.9911456, "_runtime": 1779.9080135822296, "_step": 1999, "_wandb": {"runtime": 1778}}