{"episode": 1383, "ep_reward": 0, "_timestamp": 1703464132.0382118, "_runtime": 1078.736849784851, "_step": 827396, "value_loss": 2.8234960457969766e-05, "policy_loss": -0.0035987522918730975, "dist_entropy": 1.1339907884597777}