{"episode": 2000, "ep_reward": 280, "_timestamp": 1700470167.2278488, "_runtime": 1359.6264276504517, "_step": 1999, "_wandb": {"runtime": 1358}}