{"episode": 1319, "ep_reward": 0, "_timestamp": 1700052353.4436152, "_runtime": 3066.393943309784, "_step": 1318, "_wandb": {"runtime": 3064}}