{"episode": 50000, "ep_reward": 200, "_timestamp": 1700000366.866433, "_runtime": 30058.87525701523, "_step": 49999, "_wandb": {"runtime": 30057}}