{"episode": 2000, "ep_reward": 260, "_timestamp": 1700255168.5134795, "_runtime": 1342.8791024684906, "_step": 1999, "_wandb": {"runtime": 1340}}