{"episode": 2000, "ep_reward": 140, "_timestamp": 1702905362.543294, "_runtime": 1727.0984058380127, "_step": 1999, "_wandb": {"runtime": 1712}}