{"episode": 200, "ep_reward": 320, "_timestamp": 1699878078.1484165, "_runtime": 124.07837748527527, "_step": 199, "_wandb": {"runtime": 120}}