{"episode": 2000, "ep_reward": 180, "_timestamp": 1700484805.1854901, "_runtime": 1492.2840490341187, "_step": 1999, "_wandb": {"runtime": 1491}}