{"episode": 478, "ep_reward": 438.2239999999999, "_timestamp": 1699608441.4762104, "_runtime": 362.61733627319336, "_step": 477}