{"episode": 3000, "ep_reward": 320, "_timestamp": 1699610339.9645333, "_runtime": 2261.1056592464447, "_step": 2999, "_wandb": {"runtime": 2259}}