{"episode": 200, "ep_reward": 140, "_timestamp": 1699868096.5307064, "_runtime": 2793.304354429245, "_step": 199, "_wandb": {"runtime": 2791}}