{"episode": 200, "ep_reward": 720, "_timestamp": 1699879092.5321107, "_runtime": 156.81555557250977, "_step": 199, "_wandb": {"runtime": 155}}