{"episode": 11, "ep_reward": 2.9699999999999998, "_timestamp": 1699633527.806742, "_runtime": 10.025398015975952, "_step": 10, "_wandb": {"runtime": 8}}