{"episode": 2000, "ep_reward": 702, "_timestamp": 1699823189.532683, "_runtime": 1858.3273169994354, "_step": 1999, "_wandb": {"runtime": 1856}}