{"episode": 2000, "ep_reward": 240, "_timestamp": 1700757824.2684848, "_runtime": 1420.9570367336273, "_step": 1999, "_wandb": {"runtime": 1417}}