{"episode": 2000, "ep_reward": 220, "_timestamp": 1700247686.979984, "_runtime": 1533.5267701148987, "_step": 1999, "_wandb": {"runtime": 1529}}