{"episode": 2000, "ep_reward": 200, "_timestamp": 1700468630.369147, "_runtime": 1634.68941116333, "_step": 1999, "_wandb": {"runtime": 1633}}