{"episode": 898, "ep_reward": 218.74599999999987, "_timestamp": 1700382780.7066917, "_runtime": 573.1116898059845, "_step": 897}