{"episode": 2000, "ep_reward": 20, "_timestamp": 1700481747.839325, "_runtime": 1502.6079778671265, "_step": 1999, "_wandb": {"runtime": 1501}}