{"episode": 2000, "ep_reward": 120, "_timestamp": 1702897365.8825092, "_runtime": 1705.6667761802673, "_step": 1999, "_wandb": {"runtime": 1703}}