{"episode": 2000, "ep_reward": 0, "_timestamp": 1700058768.9292912, "_runtime": 3003.2048003673553, "_step": 1999, "_wandb": {"runtime": 3001}}