{"episode": 200, "ep_reward": 681, "_timestamp": 1699879314.641766, "_runtime": 157.96268105506897, "_step": 199, "_wandb": {"runtime": 156}}