{"episode": 2000, "ep_reward": 240, "_timestamp": 1700756366.5216038, "_runtime": 1326.4183568954468, "_step": 1999, "_wandb": {"runtime": 1324}}