{"episode": 200, "ep_reward": 140, "_timestamp": 1699877890.7404377, "_runtime": 125.48262977600098, "_step": 199, "_wandb": {"runtime": 123}}