{"episode": 457, "ep_reward": 59.83999999999998, "_timestamp": 1700062591.7656531, "_runtime": 729.1110770702362, "_step": 456, "_wandb": {"runtime": 731}}