{"episode": 2000, "ep_reward": 120, "_timestamp": 1700489142.8996441, "_runtime": 1240.3582122325897, "_step": 1999, "_wandb": {"runtime": 1239}}