{"episode": 2000, "ep_reward": 0, "_timestamp": 1700055729.3347242, "_runtime": 3218.913654088974, "_step": 1999, "_wandb": {"runtime": 3216}}