{"episode": 1811, "ep_reward": 240, "_timestamp": 1700759152.9968119, "_runtime": 1294.192114830017, "_step": 1810}