{"episode": 2000, "ep_reward": 260, "_timestamp": 1700759282.4427247, "_runtime": 1423.6380276679993, "_step": 1999, "_wandb": {"runtime": 1422}}