{"episode": 200, "ep_reward": 300, "_timestamp": 1699871488.7697875, "_runtime": 228.77561163902283, "_step": 199, "_wandb": {"runtime": 226}}