{"episode": 50, "ep_reward": 280, "_timestamp": 1699876973.5129178, "_runtime": 25.49893569946289, "_step": 49, "_wandb": {"runtime": 23}}