{"episode": 100, "ep_reward": 160, "_timestamp": 1700048502.4642043, "_runtime": 1525.5069353580475, "_step": 99, "_wandb": {"runtime": 1523}}