{"episode": 3000, "ep_reward": 320, "_timestamp": 1699614873.8059173, "_runtime": 2201.531516313553, "_step": 2999, "_wandb": {"runtime": 2199}}