{"episode": 6, "ep_reward": 14.950000000000001, "_timestamp": 1700239162.8911088, "_runtime": 9.180105686187744, "_step": 5}