{"episode": 2000, "ep_reward": 120, "_timestamp": 1702922822.5978613, "_runtime": 1747.5560433864594, "_step": 1999, "_wandb": {"runtime": 1745}}