{"episode": 50, "ep_reward": 0, "_timestamp": 1699880017.0457768, "_runtime": 41.76781892776489, "_step": 49, "_wandb": {"runtime": 40}}