{"episode": 3000, "ep_reward": 300, "_timestamp": 1700243770.991695, "_runtime": 2169.8572459220886, "_step": 2999, "_wandb": {"runtime": 2168}}