{"episode": 200, "ep_reward": 280, "_timestamp": 1699865288.3211336, "_runtime": 252.6379337310791, "_step": 199, "_wandb": {"runtime": 250}}