{"episode": 200, "ep_reward": 260, "_timestamp": 1699865001.6092768, "_runtime": 2963.745275735855, "_step": 199, "_wandb": {"runtime": 2961}}