{"episode": 2000, "ep_reward": 260, "_timestamp": 1700747693.665351, "_runtime": 1276.195801973343, "_step": 1999, "_wandb": {"runtime": 1274}}