{"episode": 2000, "ep_reward": 300, "_timestamp": 1700736163.7405794, "_runtime": 1256.1662154197693, "_step": 1999, "_wandb": {"runtime": 1255}}