{"episode": 2000, "ep_reward": 220, "_timestamp": 1699621274.1269307, "_runtime": 1292.3029837608337, "_step": 1999, "_wandb": {"runtime": 1290}}