{"episode": 2000, "ep_reward": 1014, "_timestamp": 1699817827.8762312, "_runtime": 1736.189326286316, "_step": 1999, "_wandb": {"runtime": 1734}}