{"episode": 200, "ep_reward": 80, "_timestamp": 1699877550.5909796, "_runtime": 98.60943365097046, "_step": 199, "_wandb": {"runtime": 97}}