{"episode": 200, "ep_reward": 846, "_timestamp": 1699879770.0335922, "_runtime": 158.5268952846527, "_step": 199, "_wandb": {"runtime": 156}}