{"episode": 1140, "ep_reward": 975, "_timestamp": 1699803503.8423638, "_runtime": 1542.7557578086853, "_step": 1139}