{"episode": 50, "ep_reward": 507, "_timestamp": 1699878694.867845, "_runtime": 39.709134101867676, "_step": 49, "_wandb": {"runtime": 37}}