{"episode": 2000, "ep_reward": 0, "_timestamp": 1702921038.711068, "_runtime": 1752.072791814804, "_step": 1999, "_wandb": {"runtime": 1750}}