{"episode": 3000, "ep_reward": 320, "_timestamp": 1699623081.5927913, "_runtime": 2890.0779824256897, "_step": 2999, "_wandb": {"runtime": 2888}}