{"episode": 2000, "ep_reward": 300, "_timestamp": 1700741229.607686, "_runtime": 1218.562581062317, "_step": 1999, "_wandb": {"runtime": 1217}}