{"episode": 2000, "ep_reward": 260, "_timestamp": 1700368801.24378, "_runtime": 1340.7068829536438, "_step": 1999, "_wandb": {"runtime": 1338}}