{"episode": 2000, "ep_reward": 0, "_timestamp": 1702910556.1416857, "_runtime": 1686.7012877464294, "_step": 1999, "_wandb": {"runtime": 1684}}