{"episode": 2000, "ep_reward": 220, "_timestamp": 1700253790.7454286, "_runtime": 1493.3593106269836, "_step": 1999, "_wandb": {"runtime": 1491}}