{"episode": 2000, "ep_reward": 468, "_timestamp": 1699819392.148096, "_runtime": 1530.826924085617, "_step": 1999, "_wandb": {"runtime": 1529}}