{"episode": 3000, "ep_reward": 340, "_timestamp": 1699595092.7273948, "_runtime": 2266.82373380661, "_step": 2999, "_wandb": {"runtime": 2265}}