{"episode": 200, "ep_reward": 260, "_timestamp": 1699868350.4855537, "_runtime": 216.79807567596436, "_step": 199, "_wandb": {"runtime": 215}}