{"episode": 50, "ep_reward": 507, "_timestamp": 1699879367.7567706, "_runtime": 39.38172364234924, "_step": 49, "_wandb": {"runtime": 36}}