{"episode": 100, "ep_reward": 60, "_timestamp": 1699781906.446085, "_runtime": 477.3591139316559, "_step": 99, "_wandb": {"runtime": 475}}