{"episode": 2000, "ep_reward": 200, "_timestamp": 1700475934.280068, "_runtime": 1416.9921820163727, "_step": 1999, "_wandb": {"runtime": 1415}}