{"episode": 2000, "ep_reward": 220, "_timestamp": 1700249210.481488, "_runtime": 1487.516000032425, "_step": 1999, "_wandb": {"runtime": 1485}}