{"episode": 200, "ep_reward": 100, "_timestamp": 1699877085.9904351, "_runtime": 96.71394515037537, "_step": 199, "_wandb": {"runtime": 94}}