{"episode": 50, "ep_reward": 300, "_timestamp": 1699877751.6597965, "_runtime": 31.841384410858154, "_step": 49, "_wandb": {"runtime": 30}}