{"episode": 2000, "ep_reward": 260, "_timestamp": 1700366045.2924912, "_runtime": 1341.5233051776886, "_step": 1999, "_wandb": {"runtime": 1340}}