{"episode": 50, "ep_reward": 300, "_timestamp": 1699878321.3431058, "_runtime": 31.412842750549316, "_step": 49, "_wandb": {"runtime": 28}}