{"episode": 2000, "ep_reward": 300, "_timestamp": 1700739977.6502512, "_runtime": 1243.8901152610779, "_step": 1999, "_wandb": {"runtime": 1242}}