{"episode": 2000, "ep_reward": 300, "_timestamp": 1700471614.2379353, "_runtime": 1415.8602511882782, "_step": 1999, "_wandb": {"runtime": 1414}}