{"episode": 50, "ep_reward": 280, "_timestamp": 1699877439.14144, "_runtime": 26.828243017196655, "_step": 49, "_wandb": {"runtime": 25}}