{"episode": 10000, "ep_reward": 300, "_timestamp": 1699717243.9238877, "_runtime": 5681.423062801361, "_step": 9999, "_wandb": {"runtime": 5679}}