{"episode": 2000, "ep_reward": 0, "_timestamp": 1702962655.2750206, "_runtime": 1656.139833688736, "_step": 1999, "_wandb": {"runtime": 1654}}