{"episode": 3000, "ep_reward": 280, "_timestamp": 1700245919.1691196, "_runtime": 2115.00266957283, "_step": 2999, "_wandb": {"runtime": 2112}}