{"episode": 2000, "ep_reward": 280, "_timestamp": 1700256527.017649, "_runtime": 1327.5068340301514, "_step": 1999, "_wandb": {"runtime": 1325}}