{"episode": 2000, "ep_reward": 0, "_timestamp": 1702964250.2618048, "_runtime": 1558.5998437404633, "_step": 1999, "_wandb": {"runtime": 1556}}