{"episode": 2000, "ep_reward": 0, "_timestamp": 1702907100.6484797, "_runtime": 1698.695710659027, "_step": 1999, "_wandb": {"runtime": 1691}}