{"episode": 3000, "ep_reward": 300, "_timestamp": 1699612635.1870468, "_runtime": 2262.1329267024994, "_step": 2999, "_wandb": {"runtime": 2260}}