{"episode": 2000, "ep_reward": 0, "_timestamp": 1702960961.3083365, "_runtime": 1673.5873963832855, "_step": 1999, "_wandb": {"runtime": 1671}}