{"episode": 1117, "ep_reward": 0, "_timestamp": 1702959115.4633908, "_runtime": 855.9514358043671, "_step": 1116}