{"episode": 2000, "ep_reward": 160, "_timestamp": 1700750077.3302536, "_runtime": 1159.031263589859, "_step": 1999, "_wandb": {"runtime": 1157}}