{"episode": 2000, "ep_reward": 0, "_timestamp": 1702924578.0143473, "_runtime": 1721.5439622402191, "_step": 1999, "_wandb": {"runtime": 1720}}