{"episode": 50, "ep_reward": 300, "_timestamp": 1699877938.652499, "_runtime": 31.724182844161987, "_step": 49, "_wandb": {"runtime": 29}}