{"episode": 50000, "ep_reward": 160, "_timestamp": 1700042489.4409268, "_runtime": 31053.684129714966, "_step": 49999, "_wandb": {"runtime": 31052}}