{"episode": 2000, "ep_reward": 200, "_timestamp": 1700751282.1439545, "_runtime": 1168.0055785179138, "_step": 1999, "_wandb": {"runtime": 1166}}