{"episode": 200, "ep_reward": 320, "_timestamp": 1699878275.187058, "_runtime": 125.248939037323, "_step": 199, "_wandb": {"runtime": 120}}