{"episode": 2000, "ep_reward": 180, "_timestamp": 1700474485.9725535, "_runtime": 1426.0774574279785, "_step": 1999, "_wandb": {"runtime": 1425}}