{"episode": 2000, "ep_reward": 400, "_timestamp": 1699850383.8256216, "_runtime": 1519.9956924915314, "_step": 1999, "_wandb": {"runtime": 1517}}