{"episode": 2000, "ep_reward": 1008, "_timestamp": 1699821298.5284002, "_runtime": 1870.60537815094, "_step": 1999, "_wandb": {"runtime": 1868}}