{"episode": 50, "ep_reward": 507, "_timestamp": 1699879142.217271, "_runtime": 37.41605615615845, "_step": 49, "_wandb": {"runtime": 35}}