{"episode": 2000, "ep_reward": 180, "_timestamp": 1700478804.3607337, "_runtime": 1408.5414338111877, "_step": 1999, "_wandb": {"runtime": 1407}}