{"episode": 200, "ep_reward": 160, "_timestamp": 1699871226.2760987, "_runtime": 2863.1690707206726, "_step": 199, "_wandb": {"runtime": 2861}}